year,rank,ticker,dollar_volume_musd
2006,1,GOOGL,2907
2006,2,MSFT,1186
2006,3,AAPL,988
2006,4,INTC,844
2006,5,EBAY,761
2006,6,CSCO,643
2006,7,BB,580
2006,8,ORCL,428
2006,9,AMGN,386
2006,10,QCOM,356
2007,1,GOOGL,3412
2007,2,AAPL,1808
2007,3,MSFT,1211
2007,4,INTC,836
2007,5,CSCO,722
2007,6,BB,536
2007,7,ORCL,522
2007,8,EBAY,480
2007,9,AMGN,419
2007,10,QCOM,415
2008,1,AAPL,3842
2008,2,GOOGL,2932
2008,3,BB,1767
2008,4,MSFT,1358
2008,5,BIDU,1069
2008,6,CSCO,981
2008,7,INTC,918
2008,8,AMZN,663
2008,9,ORCL,519
2008,10,QCOM,511
2009,1,AAPL,4627
2009,2,GOOGL,2851
2009,3,BB,2172
2009,4,MSFT,1599
2009,5,BIDU,1307
2009,6,CSCO,867
2009,7,INTC,863
2009,8,AMZN,678
2009,9,ORCL,657
2009,10,QCOM,621
2010,1,AAPL,2378
2010,2,GOOGL,1436
2010,3,BB,1186
2010,4,MSFT,1027
2010,5,AMZN,752
2010,6,INTC,696
2010,7,CSCO,631
2010,8,BIDU,556
2010,9,ORCL,528
2010,10,QCOM,494
2011,1,AAPL,4570
2011,2,GOOGL,1691
2011,3,MSFT,1274
2011,4,AMZN,993
2011,5,BIDU,990
2011,6,INTC,911
2011,7,BB,880
2011,8,CSCO,874
2011,9,ORCL,646
2011,10,QCOM,574
2012,1,AAPL,5378
2012,2,GOOGL,1728
2012,3,MSFT,1214
2012,4,AMZN,1145
2012,5,NFLX,1104
2012,6,BIDU,1075
2012,7,INTC,920
2012,8,ORCL,782
2012,9,CSCO,755
2012,10,BB,630
2013,1,AAPL,9086
2013,2,GOOGL,1659
2013,3,MSFT,1116
2013,4,AMZN,903
2013,5,INTC,730
2013,6,ORCL,644
2013,7,BIDU,627
2013,8,BKNG,614
2013,9,QCOM,512
2013,10,CSCO,503
2014,1,AAPL,5823
2014,2,META,2284
2014,3,GOOGL,1807
2014,4,MSFT,1276
2014,5,TSLA,1062
2014,6,NFLX,909
2014,7,AMZN,879
2014,8,INTC,654
2014,9,CSCO,592
2014,10,QCOM,543
2015,1,AAPL,4970
2015,2,META,3138
2015,3,TSLA,1531
2015,4,GOOGL,1500
2015,5,AMZN,1347
2015,6,MSFT,1177
2015,7,NFLX,1095
2015,8,BKNG,971
2015,9,GILD,898
2015,10,MU,751
2016,1,AAPL,5521
2016,2,META,2376
2016,3,AMZN,1847
2016,4,NFLX,1720
2016,5,MSFT,1440
2016,6,GOOGL,1340
2016,7,TSLA,981
2016,8,GILD,815
2016,9,BKNG,790
2016,10,INTC,752
2017,1,AAPL,3622
2017,2,META,2892
2017,3,AMZN,2809
2017,4,MSFT,1495
2017,5,GOOGL,1478
2017,6,NFLX,1288
2017,7,TSLA,961
2017,8,BKNG,746
2017,9,NVDA,645
2017,10,GILD,627
2018,1,AAPL,3788
2018,2,AMZN,3412
2018,3,META,2587
2018,4,NVDA,2503
2018,5,TSLA,2007
2018,6,GOOGL,1506
2018,7,MSFT,1459
2018,8,NFLX,1093
2018,9,MU,991
2018,10,AMD,819
2019,1,AMZN,9157
2019,2,AAPL,5992
2019,3,META,4608
2019,4,NFLX,3660
2019,5,NVDA,3035
2019,6,MSFT,2928
2019,7,TSLA,2709
2019,8,GOOGL,2256
2019,9,MU,2068
2019,10,AMD,1637
2020,1,AMZN,6876
2020,2,AAPL,5511
2020,3,MSFT,2967
2020,4,META,2880
2020,5,NFLX,2559
2020,6,TSLA,2495
2020,7,AMD,1928
2020,8,NVDA,1921
2020,9,GOOGL,1778
2020,10,ROKU,1540
2021,1,TSLA,19464
2021,2,AAPL,14121
2021,3,AMZN,13065
2021,4,MSFT,6707
2021,5,META,5166
2021,6,NVDA,4595
2021,7,AMD,3877
2021,8,NFLX,3062
2021,9,GOOGL,2845
2021,10,ZM,2727
2022,1,TSLA,21363
2022,2,AAPL,12409
2022,3,AMZN,11341
2022,4,NVDA,7256
2022,5,MSFT,6815
2022,6,META,5927
2022,7,AMD,5356
2022,8,GOOGL,3697
2022,9,MRNA,3566
2022,10,PYPL,2259
2023,1,TSLA,21972
2023,2,AAPL,13300
2023,3,NVDA,9976
2023,4,AMZN,9439
2023,5,AMD,8467
2023,6,MSFT,8138
2023,7,META,6065
2023,8,GOOGL,3974
2023,9,NFLX,2911
2023,10,PYPL,1663
2024,1,TSLA,29212
2024,2,NVDA,17130
2024,3,AAPL,9971
2024,4,MSFT,8367
2024,5,AMZN,7002
2024,6,AMD,6362
2024,7,META,5978
2024,8,GOOGL,3769
2024,9,NFLX,2451
2024,10,AVGO,2071
2025,1,NVDA,37751
2025,2,TSLA,22053
2025,3,AAPL,11578
2025,4,AMD,8582
2025,5,MSFT,8476
2025,6,AMZN,7525
2025,7,META,7278
2025,8,SMCI,5253
2025,9,AVGO,4663
2025,10,GOOGL,4430
2026,1,TSLA,33715
2026,2,NVDA,32341
2026,3,AAPL,12313
2026,4,MSFT,10091
2026,5,META,10085
2026,6,PLTR,9846
2026,7,AMZN,9565
2026,8,AMD,7590
2026,9,GOOGL,7545
2026,10,AVGO,7142
