ticker,name,from,to
AAPL,애플,,
MSFT,마이크로소프트,,
NVDA,엔비디아,,
AMZN,아마존,,
GOOGL,알파벳,,
META,메타,,
TSLA,테슬라,,
AVGO,브로드컴,,
COST,코스트코,,
NFLX,넷플릭스,,
PLTR,팔란티어,2024,
AMD,AMD,2015,
ASML,ASML,,
TMUS,T모바일,2013,
CSCO,시스코,,
AZN,아스트라제네카,2021,
PEP,펩시코,2017,
LIN,린데,2023,
INTU,인튜이트,,
ISRG,인튜이티브 서지컬,,
TXN,텍사스 인스트루먼트,,
QCOM,퀄컴,,
ADBE,어도비,,
AMGN,암젠,,
BKNG,부킹홀딩스,,
AMAT,어플라이드 머티리얼즈,,
PDD,PDD,,
HON,허니웰,2021,
ARM,Arm,,
CMCSA,컴캐스트,,
GILD,길리어드,,
MU,마이크론,,
PANW,팔로알토,2021,
LRCX,램리서치,,
ADP,ADP,,
KLAC,KLA,,
APP,앱러빈,,
ADI,아날로그디바이스,2012,
SBUX,스타벅스,,
VRTX,버텍스,,
MELI,메르카도리브레,,
CRWD,크라우드스트라이크,,
INTC,인텔,,
CEG,컨스텔레이션,,
MDLZ,몬델리즈,2012,
CTAS,신타스,,
ORLY,오라일리,,
SNPS,시놉시스,,
CDNS,케이던스,,
MAR,메리어트,2012,
ABNB,에어비앤비,,
MSTR,스트래티지,,
DASH,도어대시,2023,
REGN,리제네론,,
FTNT,포티넷,,
PYPL,페이팔,,
CSX,CSX,2017,
ADSK,오토데스크,,
WDAY,워크데이,2018,
ROP,로퍼,2023,
NXPI,NXP,,
AEP,AEP,2017,
MNST,몬스터,,
CHTR,차터,,
PCAR,팩카,,
CPRT,코파트,,
FAST,패스널,,
PAYX,페이첵스,,
KDP,큐리그닥터페퍼,2020,
ROST,로스,,
AXON,액슨,,
BKR,베이커휴즈,2017,
EXC,엑셀론,2016,
XEL,엑셀에너지,2019,
VRSK,베리스크,,
CTSH,코그니전트,,
IDXX,아이덱스,,
CSGP,코스타,,
TEAM,아틀라시안,,
FANG,다이아몬드백,,
LULU,룰루레몬,,
ODFL,올드도미니언,,
KHC,크래프트하인즈,,
DDOG,데이터독,,
ZS,지스케일러,,
GEHC,GE헬스케어,,
TTWO,테이크투,,
ON,온세미,,
DXCM,덱스컴,,
BIIB,바이오젠,,
CDW,CDW,,
MCHP,마이크로칩,,
WBD,워너브라더스,,
GFS,글로벌파운드리,,
ILMN,일루미나,,
EBAY,이베이,,
VOD,보다폰,2009,
BIDU,바이두,,
JD,징둥,,
NTES,넷이즈,,
BB,블랙베리,,2015
ORCL,오라클,,2012
SNY,사노피,2019,
WDC,웨스턴디지털,,
STX,씨게이트,,
SNDK,샌디스크,,
SIRI,시리우스XM,,
LBTYA,리버티글로벌,,
EXPE,익스피디아,,
TRIP,트립어드바이저,,
AKAM,아카마이,,
VRSN,베리사인,,
FISV,파이서브,,2022
FOXA,폭스,,
SMCI,슈퍼마이크로,,
COIN,코인베이스,,
HOOD,로빈후드,,
MRVL,마벨,,
RIVN,리비안,,
LCID,루시드,,
MRNA,모더나,,
ZM,줌,,
ROKU,로쿠,,
DOCU,도큐사인,,
TTD,트레이드데스크,,
ENPH,엔페이즈,,
PLUG,플러그파워,,
SOFI,소파이,,
MARA,마라홀딩스,,
RIOT,라이엇,,
AAL,아메리칸항공,2013,
TEVA,테바,,2011
WYNN,윈리조트,,
DLTR,달러트리,,
MTCH,매치그룹,,
OKTA,옥타,,
ERIC,에릭슨,,
TLRY,틸레이,,
